"B=baseline, S=healthcheck and baseline, I=Informational requirement no requirement to B or S 
P=Process requirement no requirement to B or S  ",Foundation (Y/N),Section,SectionHeading,Parameter,Description,RecommendedValue,InitialValue,AgreedValue
S,Y,ED.1.1.1,Password Requirements,Enforce password history,Password History,8 passwords remembered,TBD,TBD
S,Y,ED.1.1.2,Password Requirements,Minimum password age,Minimum Age,1 day,TBD,TBD
S,Y,ED.1.1.3,Password Requirements,Maximum password age,Maximum Age,90 days,TBD,TBD
S,Y,ED.1.1.4,Password Requirements,Minimum password length,Password length,"15 characters or in case it is not technically possible, to maximum supported by the platform",TBD,TBD
S,Y,ED.1.1.4.1,Password Requirements,Password Must Meet Complexity Requirement,Password Must Meet Complexity Requirement,Enabled,TBD,TBD
S,Y,ED.1.1.5,Password Requirements,Store password using reversible encryption,Store password using reversible encryption,Disabled,TBD,TBD
S,Y,ED.1.1.6,Password Requirements,Account lockout threshold,Lockout,5,TBD,TBD
S,Y,ED.1.1.7,Password Requirements,Account lockout duration,Lockout duration,'0' minutes: Account is locked out until administrator unlocks it.,TBD,TBD
S,Y,ED.1.1.8,Password Requirements,Reset account lockout counter after,Reset account lockout counter,This policy must be set to a value equal or above ?30 minutes?.,TBD,TBD
S,Y,ED.1.1.9.1,Password Requirements,"User accounts that satisfy all of the following criteria: 
   1) 'Logon locally' user right is disabled 
   2) Userid does not have system or security administrative authority (per section 5.0)
   3) All interactive login methods (FTP, telnet, rexec, SSH, etc) are disabled for the userid by either: 
     3a) Denying access to the user rights: 'Access this computer from network' and 'Logon through Terminal Services', or 
     3b) Another method that disables interactive login methods for the given service or protocol",Password never expires,May have a non-expiring password,TBD,TBD
S,Y,ED.1.1.9.3,Password Requirements,Guest ,Password never expires,'Password never expires' may be enabled ,TBD,TBD
S,Y,ED.1.1.9.4,Password Requirements,IUSR_{system} and IWAM_{system} user accounts created by Internet Information Server (IIS) ,Password never expires,'Password never expires' may be enabled ,TBD,TBD
S,Y,ED.1.1.9.5,Password Requirements,"User accounts that are only associated with a started process(es) and are set to 'Disabled' status, so they can not be logged onto. (example: tmersrvd) ",Password never expires,'Password never expires' may be enabled ,TBD,TBD
P,Y,ED.1.1.10,Password Requirements,"Required action for: 
? Creating new userids 
? Password resets performed where system or support personnel are aware of the password content",Set an initial password and force the user to change it. ,The check box 'User Must Change Password at Next Logon' must be selected. (No system security check required),No value to be set,No value to be set
S,Y,ED.1.2.1,Logging ,"Advanced Audit Policy - Account Logon
Credential Validation", Note: Setting for 'success' must not change if Privilege Monitoring is in scope. The recommended setting listed is the minimum logging requirement. ,Success & Failure,TBD,TBD
S,Y,ED.1.2.2,Logging ,"Advanced Audit Policy - Account Logon
Kerberos Service Ticket Operations", Note: Setting for 'success' must not change if Privilege Monitoring is in scope. The recommended setting listed is the minimum logging requirement. ,Success & Failure,TBD,TBD
S,Y,ED.1.2.3,Logging ,"Advanced Audit policy - Account Logon
Other Account Logon Events"," Note: Setting for 'success' must not change if Privilege Monitoring is in scope. The recommended setting listed is the minimum logging requirement. Stronger controls are compliant.
        ",Success & Failure,TBD,TBD
S,Y,ED.1.2.4,Logging ,"Advanced Audit policy - Account Logon
Kerberos Authentication Service", Note: Setting for 'success' must not change if Privilege Monitoring is in scope. The recommended setting listed is the minimum logging requirement. ,Success & Failure,TBD,TBD
S,Y,ED.1.2.5,Logging ,"Advanced Audit Policy - Logon/Logoff
Logon", Note: Setting for 'success' must not change if Privilege Monitoring is in scope. The recommended setting listed is the minimum logging requirement. ,Success & Failure,TBD,TBD
S,Y,ED.1.2.6,Logging ,"Advanced Audit Policy - Logon/Logoff
Logoff", Note: Setting for 'success' must not change if Privilege Monitoring is in scope. The recommended setting listed is the minimum logging requirement. ,Success & Failure,TBD,TBD
S,Y,ED.1.2.7,Logging ,"Advanced Audit Policy - Logon/Logoff
Account Lockout", Note: Setting for 'success' must not change if Privilege Monitoring is in scope. The recommended setting listed is the minimum logging requirement. ,Success & Failure,TBD,TBD
S,Y,ED.1.2.8,Logging ,"Advanced Audit Policy - Logon/Logoff
IPsec Main Mode", Note: Setting for 'success' must not change if Privilege Monitoring is in scope. The recommended setting listed is the minimum logging requirement. ,Success & Failure,TBD,TBD
S,Y,ED.1.2.9,Logging ,"Advanced Audit Policy - Logon/Logoff
IPsec Quick Mode", Note: Setting for 'success' must not change if Privilege Monitoring is in scope. The recommended setting listed is the minimum logging requirement. ,Success & Failure,TBD,TBD
S,Y,ED.1.2.10,Logging ,"Advanced Audit Policy - Logon/Logoff
IPsec Extended Mode", Note: Setting for 'success' must not change if Privilege Monitoring is in scope. The recommended setting listed is the minimum logging requirement. ,Success & Failure,TBD,TBD
S,Y,ED.1.2.11,Logging ,"Advanced Audit Policy - Logon/Logoff
Special Logon", Note: Setting for 'success' must not change if Privilege Monitoring is in scope. The recommended setting listed is the minimum logging requirement. ,Success & Failure,TBD,TBD
S,Y,ED.1.2.12,Logging ,"Advanced Audit Policy - Logon/Logoff
Other Logon/Logoff Events", Note: Setting for 'success' must not change if Privilege Monitoring is in scope. The recommended setting listed is the minimum logging requirement. ,Success & Failure,TBD,TBD
S,Y,ED.1.2.13,Logging ,"Advanced Audit Policy - Logon/Logoff
Network Policy Server", Note: Setting for 'success' must not change if Privilege Monitoring is in scope. The recommended setting listed is the minimum logging requirement. ,Success & Failure,TBD,TBD
S,Y,ED.1.2.14,Logging ,"Advanced Audit Policy - Logon/Logoff
  User / Device Claims  ", Note: Setting for 'success' must not change if Privilege Monitoring is in scope. The recommended setting listed is the minimum logging requirement. ,Success & Failure,TBD,TBD
S,Y,ED.1.2.15,Logging ,"Advanced Audit Policy - Account Management
User Account Management", Note: Setting for 'success' must not change if Privilege Monitoring is in scope. The recommended setting listed is the minimum logging requirement. ,Success & Failure,TBD,TBD
S,Y,ED.1.2.16,Logging ,"Advanced Audit Policy - Account Management
Computer Account Management", Note: Setting for 'success' must not change if Privilege Monitoring is in scope. The recommended setting listed is the minimum logging requirement. ,Success & Failure,TBD,TBD
S,Y,ED.1.2.17,Logging ,"Advanced Audit Policy - Account Management
Security Group Management", Note: Setting for 'success' must not change if Privilege Monitoring is in scope. The recommended setting listed is the minimum logging requirement. ,Success & Failure,TBD,TBD
S,Y,ED.1.2.18,Logging ,"Advanced Audit Policy - Account Management
Distribution Group Management", Note: Setting for 'success' must not change if Privilege Monitoring is in scope. The recommended setting listed is the minimum logging requirement. ,Success & Failure,TBD,TBD
S,Y,ED.1.2.19,Logging ,"Advanced Audit Policy - Account Management
Application Group Management", Note: Setting for 'success' must not change if Privilege Monitoring is in scope. The recommended setting listed is the minimum logging requirement. ,Success & Failure,TBD,TBD
S,Y,ED.1.2.20,Logging ,"Advanced Audit Policy - Account Management
Other Account Management Events", Note: Setting for 'success' must not change if Privilege Monitoring is in scope. The recommended setting listed is the minimum logging requirement. ,Success & Failure,TBD,TBD
S,Y,ED.1.2.21,Logging ,"Advanced Audit Policy - DS Access
Directory Service Access"," Note: The recommended setting listed is the minimum logging requirement. Stronger controls are compliant.
        ",Failure,TBD,TBD
S,Y,ED.1.2.22,Logging ,"Advanced Audit Policy - DS Access
Directory Service Changes"," Note: The recommended setting listed is the minimum logging requirement. Stronger controls are compliant.
        ",Failure,TBD,TBD
S,Y,ED.1.2.23,Logging ,"Advanced Audit Policy - DS Access
Directory Service Replication"," Note: The recommended setting listed is the minimum logging requirement. Stronger controls are compliant.
        ",Failure,TBD,TBD
S,Y,ED.1.2.24,Logging ,"Advanced Audit Policy - DS Access
Detailed Directory Service Replication"," Note: The recommended setting listed is the minimum logging requirement. Stronger controls are compliant.
        ",Failure,TBD,TBD
S,Y,ED.1.2.25,Logging ,"Advanced Audit Policy - Object Access
File System"," Note: The recommended setting listed is the minimum logging requirement. Stronger controls are compliant.
        ",Failure,TBD,TBD
S,Y,ED.1.2.26,Logging ,"Advanced Audit Policy - Object Access
Registry"," Note: The recommended setting listed is the minimum logging requirement. Stronger controls are compliant.
        ",Failure,TBD,TBD
S,Y,ED.1.2.27,Logging ,"Advanced Audit Policy - Object Access
Kernel Object"," Note: The recommended setting listed is the minimum logging requirement. Stronger controls are compliant.
        ",Failure,TBD,TBD
S,Y,ED.1.2.28,Logging ,"Advanced Audit Policy - Object Access
SAM"," Note: The recommended setting listed is the minimum logging requirement. Stronger controls are compliant.
        ",Failure,TBD,TBD
S,Y,ED.1.2.29,Logging ,"Advanced Audit Policy - Object Access
Certification Services"," Note: The recommended setting listed is the minimum logging requirement. Stronger controls are compliant.
        ",Failure,TBD,TBD
S,Y,ED.1.2.30,Logging ,"Advanced Audit Policy - Object Access
Application Generated"," Note: The recommended setting listed is the minimum logging requirement. Stronger controls are compliant.
        ",Failure,TBD,TBD
S,Y,ED.1.2.31,Logging ,"Advanced Audit Policy - Object Access
Handle Manipulation"," Note: The recommended setting listed is the minimum logging requirement. Stronger controls are compliant.
        ",Failure,TBD,TBD
S,Y,ED.1.2.32,Logging ,"Advanced Audit Policy - Object Access
File Share"," Note: The recommended setting listed is the minimum logging requirement. Stronger controls are compliant.
        ",Failure,TBD,TBD
S,Y,ED.1.2.33,Logging ,"Advanced Audit Policy - Object Access
Filtering Platform Packet Drop"," Note: The recommended setting listed is the minimum logging requirement. Stronger controls are compliant.
        ",Failure,TBD,TBD
S,Y,ED.1.2.34,Logging ,"Advanced Audit Policy - Object Access
Filtering Platform Connection"," Note: The recommended setting listed is the minimum logging requirement. Stronger controls are compliant.
        ",Failure,TBD,TBD
S,Y,ED.1.2.35,Logging ,"Advanced Audit Policy - Object Access
Other Object Access Events"," Note: The recommended setting listed is the minimum logging requirement. Stronger controls are compliant.
        ",Failure,TBD,TBD
S,Y,ED.1.2.36,Logging ,"Advanced Audit Policy - Object Access
Detailed File Share"," Note: The recommended setting listed is the minimum logging requirement. Stronger controls are compliant.
        ",Failure,TBD,TBD
S,Y,ED.1.2.37,Logging ,"Advanced Audit Policy - Object Access
Removable Storage "," Note: The recommended setting listed is the minimum logging requirement. Stronger controls are compliant.
        ",Success & Failure,TBD,TBD
S,Y,ED.1.2.38,Logging ,"Advanced Audit Policy - Object Access
Central Access Policy Staging"," Note: The recommended setting listed is the minimum logging requirement. Stronger controls are compliant.
        ",Success & Failure,TBD,TBD
S,Y,ED.1.2.39,Logging ,"Advanced Audit Policy - Policy Change
Audit Policy Change", Note: The recommended setting listed is the minimum logging requirement.,Success & Failure,TBD,TBD
S,Y,ED.1.2.40,Logging ,"Advanced Audit Policy - Policy Change
Authentication Policy Change", Note: The recommended setting listed is the minimum logging requirement.,Success & Failure,TBD,TBD
S,Y,ED.1.2.41,Logging ,"Advanced Audit Policy - Policy Change
Authorization Policy Change", Note: The recommended setting listed is the minimum logging requirement.,Success & Failure,TBD,TBD
S,Y,ED.1.2.42,Logging ,"Advanced Audit Policy - Policy Change
MPSSVC Rule-Level Policy Change", Note: The recommended setting listed is the minimum logging requirement.,Success & Failure,TBD,TBD
S,Y,ED.1.2.43,Logging ,"Advanced Audit Policy - Policy Change
Filtering Platform Policy Change", Note: The recommended setting listed is the minimum logging requirement.,Success & Failure,TBD,TBD
S,Y,ED.1.2.44,Logging ,"Advanced Audit Policy - Policy Change
Other Policy Change Events", Note: The recommended setting listed is the minimum logging requirement.,Success & Failure,TBD,TBD
S,Y,ED.1.2.45,Logging ,"Advanced Audit Policy - Privilege Use
Sensitive Privilege Use", Note: The recommended setting listed is the minimum logging requirement.,Success & Failure,TBD,TBD
S,Y,ED.1.2.46,Logging ,"Advanced Audit Policy - Privilege Use
Non Sensitive Privilege Use", Note: The recommended setting listed is the minimum logging requirement.,Success & Failure,TBD,TBD
S,Y,ED.1.2.47,Logging ,"Advanced Audit Policy - Privilege Use
Other Privilege Use Events", Note: The recommended setting listed is the minimum logging requirement.,Success & Failure,TBD,TBD
S,Y,ED.1.2.48,Logging ,"Advanced Audit Policy - Detailed Tracking
Process Creation"," Note: The recommended setting listed is the minimum logging requirement. Stronger controls are compliant.
        ",Success & Failure,TBD,TBD
S,Y,ED.1.2.49,Logging ,"Advanced Audit Policy - Detailed Tracking
Process Termination"," Note: The recommended setting listed is the minimum logging requirement. Stronger controls are compliant.
        ",Success & Failure,TBD,TBD
S,Y,ED.1.2.50,Logging ,"Advanced Audit Policy - Detailed Tracking
DPAPI Activity"," Note: The recommended setting listed is the minimum logging requirement. Stronger controls are compliant.
        ",Success & Failure,TBD,TBD
S,Y,ED.1.2.51,Logging ,Advanced Audit Policy - Detailed Tracking - RPC Events," Note: The recommended setting listed is the minimum logging requirement. Stronger controls are compliant.
        ",Success & Failure,TBD,TBD
S,Y,ED.1.2.52,Logging ,Audit policy - System - Security State Change," Note: The recommended setting listed is the minimum logging requirement. Stronger controls are compliant.
        ",Failure,TBD,TBD
S,Y,ED.1.2.53,Logging ,Audit policy - System - Security System Extension," Note: The recommended setting listed is the minimum logging requirement. Stronger controls are compliant.
        ",Failure,TBD,TBD
S,Y,ED.1.2.54,Logging ,Audit policy - System - System Integrity," Note: The recommended setting listed is the minimum logging requirement. Stronger controls are compliant.
        ",Failure,TBD,TBD
S,Y,ED.1.2.55,Logging ,Audit policy - System - IPsec Driver," Note: The recommended setting listed is the minimum logging requirement. Stronger controls are compliant.
        ",Failure,TBD,TBD
S,Y,ED.1.2.56,Logging ,Audit policy - System - Other System Events," Note: The recommended setting listed is the minimum logging requirement. Stronger controls are compliant.
        ",Failure,TBD,TBD
S,Y,ED.1.2.57,Logging,Advanced Audit Policy - Registry settings -HKLM\SYSTEM\CurrentControlSet\Control\Lsa,Force Advanced Audit Policy subcategory settings to override Audit Policy category settings,"Name: SCENoApplyLegacyAuditPolicy
Type: REG_DWORD
Value: 1 (Enabled)",TBD,TBD
S,N,ED.1.2.58,Logging ,For each subdirectory that is listed in Section 1.8 as an Operating System Resource,OSR auditing - the recommended setting listed is the minimum required,"Enable Auditing on the OSR object, with the following specifications:

Name: Everyone
Apply onto: This folder only
Access: Select ""Failed"" for each of these accesses: 
? Traverse Folder/Execute File 
? List Folder/Read Data 
? Read Attributes 
? Read Extended Attributes 
? Create Files / Write Data 
? Create Folders / Append Data 
? Write Attributes 
? Write Extended Attributes 
? Delete Subfolders and Files 
? Delete 
? Read Permissions 
? Change Permissions 
? Take Ownership
",TBD,TBD
S,N,ED.1.2.59,Logging ,For each file that is listed in Section 1.8 as an Operating System Resource,OSR auditing - the recommended setting listed is the minimum required,"Enable Auditing on the OSR object, with the following specifications:

Name: Everyone
Apply onto: This object only
Access: Select ""Failed"" for each of these accesses: 
? Traverse Folder/Execute File 
? List Folder/Read Data 
? Read Attributes 
? Read Extended Attributes 
? Create Files / Write Data 
? Create Folders / Append Data 
? Write Attributes 
? Write Extended Attributes 
? Delete 
? Read Permissions 
? Change Permissions 
? Take Ownership
",TBD,TBD
I,N,ED.1.2.60,Logging ,Note,Registry keys listed in Section 1.8,Object-level auditing is not required at this time,No value to be set,No value to be set
S,Y,ED.1.2.61,Logging ,Log Retention,Log Retention Requirement,"Security Event Log - retained for 90 days. Logs may be retained on the system itself, or on a separate system.",TBD,TBD
P,Y,ED.1.2.62,Logging ,Synchronized system clocks,"Keep system clocks synchronized with a common reference time source to improve log accuracy
And one of the ways to implement that is -
The member Servers would be time syncing with their individual Domain Controllers. Domain Controllers would in turn have their time synced with Global Resilient NTP Servers.",Keep system clocks synchronized with a common reference time source to improve log accuracy,No value to be set,No value to be set
S,Y,ED.1.3.1,AntiVirus,AntiVirus Enabled,AntiVirus,Yes,TBD,TBD
I,N,ED.1.4.0,System Settings,No requirements in this category,No requirements in this category,No requirements in this category,No value to be set,No value to be set
B,N,ED.1.5.1,Network Settings,Net News Transfer Protocol (NNTP) authentication & identification,TCP/IP Net News Transfer Protocol (NNTP),"If activated, must be configured to require authentication and identification of all users if any of the newsgroups on the server are classified confidential.",TBD,TBD
B,N,ED.1.5.4.1,Network Settings,Directories enabled for Anonymous FTP access,TCP/IP Anonymous FTP,READ access via anonymous FTP must not be granted to directories containing classified data,TBD,TBD
B,N,ED.1.5.4.2,Network Settings,Access permissions for directories accessible via Anonymous FTP,TCP/IP Anonymous FTP,"Each directory may allow read access or write access to anonymous users, but not both",TBD,TBD
B,N,ED.1.5.4.3,Network Settings,"Process Control: Anonymous FTP, Process for Receiving Files from Anonymous Users",TCP/IP Anonymous FTP,"Files that have been stored into a writeable directory must be examined (scanned for viruses, checked for Confidential information, checked for inappropriate material, etc.) before being moved to a readable directory.",TBD,TBD
B,N,ED.1.5.5,Network Settings,Directories enabled for TFTP (Trivial File Transfer Protocol) access,TCP/IP Trivial FTP (TFTP),Access via TFTP may be granted only to directories containing unclassified data. confidential data is not permitted in directories accessible via TFTP or any subdirectories of the directory.,TBD,TBD
B,N,ED.1.5.6.1,Network Settings,ECHO,Denial of Service Prevention,Disabled on all Internet servers,TBD,TBD
B,N,ED.1.5.6.2,Network Settings,CHARGEN,Denial of Service Prevention,Disabled on all Internet servers,TBD,TBD
B,N,ED.1.5.6.4,Network Settings,DISCARD,Denial of Service Prevention,Disabled on all Internet servers,TBD,TBD
B,N,ED.1.5.6.6,Network Settings,DAYTIME,Denial of Service Prevention,Disabled on all Internet servers,TBD,TBD
B,N,ED.1.5.6.7,Network Settings,NETSTAT,Denial of Service Prevention,Disabled on all Internet servers,TBD,TBD
B,N,ED.1.5.7.1,Network Settings,ECHO,Denial of Service Prevention,Disabled if not required to support an application,TBD,TBD
B,N,ED.1.5.7.2,Network Settings,CHARGEN,Denial of Service Prevention,Disabled if not required to support an application,TBD,TBD
B,N,ED.1.5.7.4,Network Settings,TFTP,Denial of Service Prevention,Disabled if not required to support an application,TBD,TBD
B,N,ED.1.5.7.5,Network Settings,RWALLD,Denial of Service Prevention,Disabled if not required to support an application,TBD,TBD
B,N,ED.1.5.7.6,Network Settings,RUSERD,Denial of Service Prevention,Disabled if not required to support an application,TBD,TBD
B,N,ED.1.5.7.7,Network Settings,DISCARD,Denial of Service Prevention,Disabled if not required to support an application,TBD,TBD
B,N,ED.1.5.7.8,Network Settings,DAYTIME,Denial of Service Prevention,Disabled if not required to support an application,TBD,TBD
B,N,ED.1.5.7.12,Network Settings,PCNFSD,Denial of Service Prevention,Disabled if not required to support an application,TBD,TBD
B,N,ED.1.5.7.13,Network Settings,NETSTAT,Denial of Service Prevention,Disabled if not required to support an application,TBD,TBD
B,N,ED.1.5.7.18,Network Settings,Telnet Service,Denial of Service Prevention,Disabled if not required to support an application,TBD,TBD
S,N,ED.1.5.7.19,Network Settings,FTP Service,FTP protocol must be disabled,FTP protocol must be disabled,TBD,TBD
B,N,ED.1.5.8.1,Network Settings,SNMP service,SNMP,Community name of 'public' is not permitted if the SNMP service is active.,TBD,TBD
B,N,ED.1.5.8.2,Network Settings,SNMP service,SNMP,Community name of  'private' is not permitted if the SNMP service is active.,TBD,TBD
B,N,ED.1.5.9,Network Settings,System Service,Windows firewall,Enabled,TBD,TBD
B,N,ED.1.7.0,Identify and Authenticate Users,Maximum lifetime for user ticket,Only applies if Kerberos authentication is enabled,"If Kerberos authentication is enabled, the following are the maximum lifetimes permitted for user accounts at creation time:
    * 30 hours (general user accounts)
    * 12 hours (system & security administrative user accounts)

If this is enabled at a policy level which implements a single maximum lifetime across all userids, then that must be set to 12 hours (so both general users and administrative users are compliant).

If Kerberos authentication is not enabled, there is no requirement for this item.",TBD,TBD
I,N,ED.1.8.0,Protecting Resources - OSRs,Note,The following objects are designated as OSRs. The access listed in the 'Recommended Setting' column is the maximum authority permitted to general users,"The access listed in the 'Agreed to Value' column is the maximum authority permitted to general users (e.g. Everyone, Users, Authenticated Users, or other groups containing general users).  Users with system or security administrative authority (per section 5.0) and TrustedInstaller are not in scope of the OSR requirements and may have permissions greater than those listed below.",No value to be set,No value to be set
S,N,ED.1.8.1,Protecting Resources - OSRs,%SystemRoot%,OSRs,"Read & Execute
List Folder Contents
Read
",TBD,TBD
S,N,ED.1.8.2,Protecting Resources - OSRs,%SystemRoot%\security,OSRs,"Read & Execute
List Folder Contents
Read
",TBD,TBD
S,N,ED.1.8.3,Protecting Resources - OSRs,%SystemRoot%\system,OSRs,"Read & Execute
List Folder Contents
Read
",TBD,TBD
S,N,ED.1.8.4,Protecting Resources - OSRs,%SystemRoot%\system32,OSRs,"Read & Execute
List Folder Contents
Read
",TBD,TBD
S,N,ED.1.8.5,Protecting Resources - OSRs,%SystemRoot%\system32\config,OSRs,no general user authorizations permitted,TBD,TBD
S,N,ED.1.8.6,Protecting Resources - OSRs,%SystemRoot%\system32\drivers,OSRs,"Read & Execute
List Folder Contents
Read
",TBD,TBD
S,N,ED.1.8.7,Protecting Resources - OSRs,%SystemRoot%\system32\spool,OSRs,"Read & Execute
List Folder Contents
Read
",TBD,TBD
S,N,ED.1.8.8,Protecting Resources - OSRs,%SystemRoot%\system32\GroupPolicy,OSRs,"Read & Execute
List Folder Contents
Read
",TBD,TBD
S,N,ED.1.8.9,Protecting Resources - OSRs,%WinDir%\WinSxS\Backup,OSRs,"Read & Execute
List Folder Contents
Read                                                                               
",TBD,TBD
S,N,ED.1.8.10,Protecting Resources - OSRs,%SystemDrive%\boot\BCD,OSRs - Note: On servers where this file does not exist it must be located on the system reserve partition (SRP) in the location \boot\BCD. OSR file permissions and OSR auditing are not required if the file is on the SRP. If the system is based on UEFI then ignore this control,"Read & Execute
Read
",TBD,TBD
S,N,ED.1.8.11,Protecting Resources - OSRs,"%SystemRoot%\system32\winload.exe
or 
%SystemRoot%\system32\winload.efi",OSRs,"Read & Execute
Read
",TBD,TBD
S,N,ED.1.8.12,Protecting Resources - OSRs,"
%SystemDrive%\bootmgr
or
\EFI\Microsoft\Boot\bootmgfw.efi",Note: On servers where this file does not exist it must be located on the system reserve partition (SRP) in the location \bootmgr.  OSR file permissions and OSR auditing are not required if the file is on the SRP.,"Read & Execute
Read
",TBD,TBD
S,N,ED.1.8.13,Protecting Resources - OSRs,%SystemDrive%,OSRs,"Read & Execute
List Folder Contents
Read
Create folders/append data",TBD,TBD
S,N,ED.1.8.14,Protecting Resources - OSRs,%SystemRoot%\syswow64,"Note: On servers where this file does not exist, no action is required.","Read & Execute
List Folder Contents
Read",TBD,TBD
S,N,ED.1.8.15,Protecting Resources - OSRs,%SystemRoot%\syswow64\drivers,"Note: On servers where this file does not exist, no action is required.","Read & Execute
List Folder Contents
Read",TBD,TBD
S,N,ED.1.8.16,Protecting Resources - OSRs,"%SystemRoot%\System32\Winevt\Logs\Security.evtx

(or the Security log file whose location/name is defined in the HKLM\SYSTEM\CurrentControlSet\Services\EventLog\Security subkey, if the log has been moved from the default location)",Note: LOCAL SERVICE is permitted to have full access to this OSR.,no general user authorizations permitted,TBD,TBD
S,N,ED.1.8.17,Protecting Resources - OSRs,"%SystemRoot%\System32\Winevt\Logs\DNS Server.evtx

(or the DNS Server log file whose location/name is defined in the HKLM\SYSTEM\CurrentControlSet\Services\EventLog\DNS Server subkey, if the log has been moved from the default location)","OSRs - Note: On servers where this file does not exist, no action is required.","no general user authorizations permitted
",TBD,TBD
I,N,ED.1.8.18,Protecting Resources - OSRs,Note,none,"The above permissions are required on the specified directories and files listed only; not subfolders and files under them. 


",No value to be set,No value to be set
I,N,ED.1.8.19,Protecting Resources - OSRs,Note,none,"Creator Owner, TrustedInstaller, and SYSTEM are permitted to have full access to the OSRs above.",No value to be set,No value to be set
S,N,ED.1.8.20,Protecting Resources - OSRs,hkey_classes_root,Registry Settings required on all servers:,Maximum authorization allowed for general userids or general user groups is Read,TBD,TBD
S,N,ED.1.8.21,Protecting Resources - OSRs,HKLM\SYSTEM\CurrentControlSet\Services\Eventlog\Security,Registry Settings required on all servers:,General users may not be granted access to this subkey,TBD,TBD
I,N,ED.1.8.26.0,Protecting Resources - OSRs,Task Scheduler Service,Windows task scheduler service,"Files/scripts/commands listed in active entries must meet all the requirements below
Exceptions: 
Files/commands executed that are OSR's and meet applicable OSR requirements are compliant and do not have to meet the requirements below.
Files/commands/scripts executed are not required to exist as long as all the existing directories in it's path meet all the requirements below.",No value to be set,No value to be set
S,N,ED.1.8.26.1,Protecting Resources - OSRs,Task Scheduler Service,Protection requirements for system facility entries executing with privilege authority.,Each active entry must specify the full path of the file/command/script to be executed. ,TBD,TBD
S,N,ED.1.8.26.2,Protecting Resources - OSRs,Task Scheduler Service,Protection requirements for system facility entries executing with privilege authority.,"For each active entry's file/command/script executed, and all directories in its path, the maximum authority permitted to general users (unless otherwise specified in the OSR section of this tech spec) is:

Files/commands/scripts:
- Read & Execute
- Read

Directories:
- Read & Execute
- List Folder Contents
- Read",TBD,TBD
S,N,ED.1.8.27,Protecting Resources - OSRs,HKLM\Software\Microsoft\Windows\CurrentVersion\Policies\Explorer\ ,Disable the AutoRun functionality,"Name:NoDriveTypeAutoRun 
Type: REG_DWORD
Value: 0xFF (Hex)",TBD,TBD
S,N,ED.1.8.28,Protecting Resources - OSRs,"Computer Configuration > Policies > Administrative Templates > Windows Components > Event Log Service > Security - Back up log automatically when full
","This policy setting controls Event Log behavior when the log file reaches its maximum size and takes effect only if the ""Control Event Log behavior when the log file reaches its maximum size (Previously called as - Retain old events)"" policy setting is enabled.

If you enable this policy setting and the ""Retain old events"" policy setting is enabled, the Event Log file is automatically closed and renamed when it is full. A new file is then started.

If you disable this policy setting and the ""Retain old events"" policy setting is enabled, new events are discarded and old events are retained.

If you do not configure this policy setting and the ""Retain old events"" policy setting is enabled, new events are discarded and the old events are retained.",Enabled,TBD,TBD
S,N,ED.1.8.29,Protecting Resources - OSRs,"Computer Configuration > Policies > Administrative Templates > Windows Components > Event Log Service > System - Back up log automatically when full
","This policy setting controls Event Log behavior when the log file reaches its maximum size and takes effect only if the ""Control Event Log behavior when the log file reaches its maximum size (Previously called as - Retain old events)"" policy setting is enabled.

If you enable this policy setting and the ""Retain old events"" policy setting is enabled, the Event Log file is automatically closed and renamed when it is full. A new file is then started.

If you disable this policy setting and the ""Retain old events"" policy setting is enabled, new events are discarded and old events are retained.

If you do not configure this policy setting and the ""Retain old events"" policy setting is enabled, new events are discarded and the old events are retained.",Disabled,TBD,TBD
S,N,ED.1.8.30,Protecting Resources - OSRs,"Computer Configuration > Policies > Administrative Templates > Windows Components > Event Log Service > Application - Back up log automatically when full
","This policy setting controls Event Log behavior when the log file reaches its maximum size and takes effect only if the ""Control Event Log behavior when the log file reaches its maximum size (Previously called as - Retain old events)"" policy setting is enabled.

If you enable this policy setting and the ""Retain old events"" policy setting is enabled, the Event Log file is automatically closed and renamed when it is full. A new file is then started.

If you disable this policy setting and the ""Retain old events"" policy setting is enabled, new events are discarded and old events are retained.

If you do not configure this policy setting and the ""Retain old events"" policy setting is enabled, new events are discarded and the old events are retained.",Disabled,TBD,TBD
S,N,ED.1.8.31,Protecting Resources - OSRs,"Computer Configuration > Policies > Administrative Templates > Windows Components > Event Log Service > Security
- Control Event Log behavior when the log file reaches its maximum size","This policy setting controls Event Log behavior when the log file reaches its maximum size.
If you enable this policy setting and a log file reaches its maximum size, new events are not written to the log and are lost.
If you disable or do not configure this policy setting and a log file reaches its maximum size, new events overwrite old events.
Note: Old events may or may not be retained according to the ""Backup log automatically when full""� policy setting.",Enabled,TBD,TBD
S,N,ED.1.8.32,Protecting Resources - OSRs,HKLM\SYSTEM\CurrentControlSet\Services\Eventlog\System,NOTE on systems where setting is set through Group policies the key HKLM\SOFTWARE\Policies\Microsoft\Windows\Eventlog\System\Retention is used instead of this key,"Name: Retention
Type: REG_DWORD
Value: (not required to be set)",TBD,TBD
S,N,ED.1.8.33,Protecting Resources - OSRs,HKLM\SYSTEM\CurrentControlSet\Services\Eventlog\Application,NOTE on systems where setting is set through Group policies the key HKLM\SOFTWARE\Policies\Microsoft\Windows\Eventlog\Application\Retention is used instead of this key,"Name: Retention
Type: REG_DWORD
Value: (not required to be set)",TBD,TBD
S,N,ED.1.8.34,Protecting Resources - OSRs,Computer Configuration > Policies > Windows Settings > Security Settings > Event Log > Retention method for security log ,"Retention Method for Security Log -

This security setting determines the ""wrapping"" method for the security log.",Overwrite events by days,TBD,TBD
S,N,ED.1.8.35,Protecting Resources - OSRs,Computer Configuration > Policies > Windows Settings > Security Settings > Event Log > Retain security log," Retain Security Log -
This security setting determines the number of days' worth of events to be retained for the security log if the retention method for the security log is By Days.

Set this value only if you archive the log at scheduled intervals and you make sure that the Maximum security log size is large enough to accommodate the interval.",90 days,TBD,TBD
S,N,ED.1.8.36,Protecting Resources - OSRs,Computer Configuration > Policies> Administrative Templates ? Windows Components ? Event Log Service ? Security ,"Specify the maximum log file size (KB) -

This policy setting specifies the maximum size of the log file in kilobytes.

If you enable this policy setting, you can configure the maximum log file size to be between 20 megabytes (20480 kilobytes) and 2 terabytes (2147483647 kilobytes), in kilobyte increments.

If you disable or do not configure this policy setting, the maximum size of the log file will be set to the locally configured value. This value can be changed by the local administrator using the Log Properties dialog, and it defaults to 20 megabytes.","Specify the maximum log file size (KB)
Note:** This value needs to be set based on the frequecy of logging in specific environment.",TBD,TBD
P,N,ED.1.9.1,Protecting Resources - User Resources,Creating new user home directories,"If home directories are designed with subdirectories under them such as a 'public' folder or a folder for storing web pages that are readable by general users, the above permissions would be needed for users to traverse through and access the subdirectories. Otherwise granting no access to general users would be the more common approach for initial home directory permission settings set by the Provider of Service.","At creation time, the home directory must be owned by the resource owner, and the maximum allowed permissions granted on the home directory to anyone other than the resource owner and administrators is: 
? Traverse Folder / Execute File 
? Read Attributes 
? Read Permissions
",No value to be set,No value to be set
B,N,ED.1.9.2,Protecting Resources - User Resources,Guest accounts which allow system login without entry of a specific password. (examples: Guest accounts),Guest Accounts,"If a guest account is enabled, it must comply with the following: 
? No access to confidential data 
? It may not be a member of the following groups: 
o Domain Users 
o Users 
o Any group in scope of Section 5.0 of this technical specification
",TBD,TBD
P,N,ED.1.9.3,Protecting Resources - User Resources,Shared Folders,Additional Account data security audit requirement,The 'everyone' group must not be used in share permissions,No value to be set,No value to be set
P,N,ED.1.9.4,Protecting Resources - User Resources,User Account Control,User Account Control feature,UAC is to remain as default; turned ?on? in Control Panel ? User Accounts,No value to be set,No value to be set
B,N,ED.2.0.1,Business Use Notice,Business Use Notice Caption,"Commercial customer only

This policy setting specifies the text displayed in the title bar of the window that users see when they log on to the system. Configure this setting in a manner that is consistent with the security and operational requirements of your organization.",Must display the 'Business Use Notice' Caption,TBD,TBD
B,N,ED.2.0.2,Business Use Notice,Business Use Notice Text,"Commercial customer only

This policy setting specifies a text message that displays to users when they log on. Configure this setting in a manner that is consistent with the security and operational requirements of your organization.",Must display the 'Business Use Notice' Text,TBD,TBD
I,N,ED.2.1.1,Encryption,Data Transmission,Encryption,"Windows Server 2012 provides encryption support for some services, including Kerberos, remote access, Remote Procedure Call (RPC), Secure Sockets Layer/Transport Layer Security (SSL/TLS), Terminal Services Remote Desktop Protocol (RDP), and IP Security (IPSec).

Vendor software that supports encryption requirements of the main standard may also be used.
",No value to be set,No value to be set
I,N,ED.2.1.2,Encryption,File/Database Storage,Encryption,"Windows Server 2012 editions supports encryption of folders/files with the Encrypting File System (EFS). EFS uses the Advanced Encryption Standard (AES) algorithm with a 256-bit key by default; a 3DES algorithm option is also available.

Vendor software that supports encryption requirements of the main standard may also be used
",No value to be set,No value to be set
I,N,ED.2.1.3,Encryption,File/Database Storage,Add-on product options from Microsoft and IBM (not a comprehensive list or tested),Secure File Encryption for Desktops (SFED) is supported,No value to be set,No value to be set
I,N,ED.3.0.0,Process Exceptions,No requirements in this category,No requirements in this category,No requirements in this category,No value to be set,No value to be set
I,Y,ED.5.0.0,Privileged Authorizations/Userids,Note,Description of privileged IDs: The rows in Section 5 below describe the list of Userids or groups that have Privileged authority.,No value to be set,No value to be set,No value to be set
B,Y,ED.5.0.1,Privileged Authorizations/Userids,Administrators,System & Security Administrative userids include accounts within the following groups,No value to be set,No value to be set,No value to be set
B,Y,ED.5.0.2,Privileged Authorizations/Userids,Domain Admins,System & Security Administrative userids include accounts within the following groups,No value to be set,No value to be set,No value to be set
B,Y,ED.5.0.3,Privileged Authorizations/Userids,Enterprise Admins,System & Security Administrative userids include accounts within the following groups,No value to be set,No value to be set,No value to be set
B,Y,ED.5.0.4,Privileged Authorizations/Userids,Power Users,System & Security Administrative userids include accounts within the following groups,No value to be set,No value to be set,No value to be set
B,Y,ED.5.0.5,Privileged Authorizations/Userids,Backup Operators,System & Security Administrative userids include accounts within the following groups,No value to be set,No value to be set,No value to be set
B,Y,ED.5.0.6,Privileged Authorizations/Userids,Print Operators,System & Security Administrative userids include accounts within the following groups,No value to be set,No value to be set,No value to be set
B,Y,ED.5.0.7,Privileged Authorizations/Userids,Network Configuration Operators,System & Security Administrative userids include accounts within the following groups,No value to be set,No value to be set,No value to be set
B,Y,ED.5.0.8,Privileged Authorizations/Userids,DHCP Administrators,System & Security Administrative userids include accounts within the following groups,No value to be set,No value to be set,No value to be set
B,Y,ED.5.0.9,Privileged Authorizations/Userids,Account Operators,System & Security Administrative userids include accounts within the following groups,No value to be set,No value to be set,No value to be set
B,Y,ED.5.0.11,Privileged Authorizations/Userids,Server Operators,System & Security Administrative userids include accounts within the following groups,No value to be set,No value to be set,No value to be set
B,Y,ED.5.0.12,Privileged Authorizations/Userids,Group Policy Creator Owners,System & Security Administrative userids include accounts within the following groups,No value to be set,No value to be set,No value to be set
B,Y,ED.5.0.13,Privileged Authorizations/Userids,Schema Admins,System & Security Administrative userids include accounts within the following groups,No value to be set,No value to be set,No value to be set
B,Y,ED.5.0.14,Privileged Authorizations/Userids,Group Policy Owners,System & Security Administrative userids include accounts within the following groups,No value to be set,No value to be set,No value to be set
B,Y,ED.5.0.15,Privileged Authorizations/Userids,Enterprise Operators,System & Security Administrative userids include accounts within the following groups,No value to be set,No value to be set,No value to be set
B,Y,ED.5.0.16,Privileged Authorizations/Userids,Certificate Service DCOM Access,System & Security Administrative userids include accounts within the following groups,No value to be set,No value to be set,No value to be set
B,Y,ED.5.0.17,Privileged Authorizations/Userids,Distributed COM Users,System & Security Administrative userids include accounts within the following groups,No value to be set,No value to be set,No value to be set
B,Y,ED.5.0.18,Privileged Authorizations/Userids,Event Log Readers,System & Security Administrative userids include accounts within the following groups,No value to be set,No value to be set,No value to be set
B,Y,ED.5.0.19,Privileged Authorizations/Userids,Performance Log Users,System & Security Administrative userids include accounts within the following groups,No value to be set,No value to be set,No value to be set
B,Y,ED.5.0.20,Privileged Authorizations/Userids,Performance Monitor Users,System & Security Administrative userids include accounts within the following groups,No value to be set,No value to be set,No value to be set
B,Y,ED.5.0.21,Privileged Authorizations/Userids,Eventlog (note: this is a specific userid),System & Security Administrative userids include accounts within the following groups,No value to be set,No value to be set,No value to be set
B,Y,ED.5.0.22,Privileged Authorizations/Userids,All Application Packages  (SID:  S-1-15-2-1),System & Security Administrative userids include accounts within the following groups,No value to be set,No value to be set,No value to be set
To be deleted if no Customer specific controls - if Customer specific controls update to add controls accordingly in the same order as Section 1 - 5 above.,,,,,,,,
I,N,ED.6.0.0,Additional Customer Controls,No requirements in this category,No requirements in this category,No requirements in this category,No value to be set,No value to be set
,,,,,,,,
"To be deleted, if not HIPAA Customer",,,,,,,,
This section details additional requirements for HIPAA,,,,,,,,
S,Y,ED.10.1.2.1,Logging,"For IBM managed systems that contain PHI, system log-on/log-off and privileged/non-privileged user system activity logs must be retained.",none,270 days,TBD,TBD
S,Y,ED.10.1.2.2,Logging,Additional Logging for privilege monitoring,"For IBM-managed systems identified as containing PHI, capture system security/audit logs of privileged authority activities as defined by the Privilege Monitoring process",See Section 20,TBD,TBD
I,N,ED.10.1.4.1,System Settings,Implement electronic (authentication) mechanism to confirm that PHI has not been altered or destroyed in an unauthorized manner,None,"Product components do not provide a solution, alternatives must be identified if PHI is present.",No value to be set,No value to be set
S,N,ED.10.1.4.2,System Settings,"For systems containing PHI, where technically feasible set systems to terminate a session after 30 minutes of inactivity ",Session termination,"In Remote Desktop Session Host Configuration, set the RDP-TCP connection type to: 
- override user settings, and have an idle session limit of ""30 minutes""
- override user settings, and ""end session"" when the limit is reached",TBD,TBD
I,N,ED.10.1.4.3,System Settings,Checksum is not available on Windows 2012,"A checksum function providing at least SHA-1, or MD5 and SHA-1 algorithms must be installed.","Product components do not provide a solution, alternatives must be identified if PHI is present.",No value to be set,No value to be set
I,N,ED.10.1.4.4,System Settings,Disk sanitisation is not available on Windows 2012,"Prior to reuse, for IBM-managed systems identified as containing PHI, utilize a three pass overwrite methodology (character/pattern, a different character/pattern, then a third character/pattern) and verify success of final pass. 
OR  
Degauss or destroy the media.","Product components do not provide a solution, alternatives must be identified if PHI is present.",No value to be set,No value to be set
"To be deleted, if not using Privileged Monitoring Service",,,,,,,,
This section details additional requirements for Privilege Monitoring only,,,,,,,,
S,Y,ED.20.1.2.1,Logging ,Object access,Privilege Monitoring Logging,Success,TBD,TBD
S,Y,ED.20.1.2.2,Logging ,"%SystemRoot% 
",Privilege Monitoring Logging,"Enable Auditing on the OSR object, with the following specifications:

Name: Everyone
Apply onto: This folder only
Access: Select ""Success"" for each of these accesses: 
? Change Permissions 
? Take Ownership",TBD,TBD
S,Y,ED.20.1.2.3,Logging ,%SystemRoot%\Repair ,Privilege Monitoring Logging,"Enable Auditing on the OSR object, with the following specifications:

Name: Everyone
Apply onto: This folder only
Access: Select ""Success"" for each of these accesses: 
? Change Permissions 
? Take Ownership",TBD,TBD
S,Y,ED.20.1.2.4,Logging ,"%SystemRoot%\Security
",Privilege Monitoring Logging,"Enable Auditing on the OSR object, with the following specifications:

Name: Everyone
Apply onto: This folder only
Access: Select ""Success"" for each of these accesses: 
? Change Permissions 
? Take Ownership",TBD,TBD
S,Y,ED.20.1.2.5,Logging ,"%SystemRoot%\System 
",Privilege Monitoring Logging,"Enable Auditing on the OSR object, with the following specifications:

Name: Everyone
Apply onto: This folder only
Access: Select ""Success"" for each of these accesses: 
? Change Permissions 
? Take Ownership",TBD,TBD
S,Y,ED.20.1.2.6,Logging ,"%SystemRoot%\System32 
",Privilege Monitoring Logging,"Enable Auditing on the OSR object, with the following specifications:

Name: Everyone
Apply onto: This folder only
Access: Select ""Success"" for each of these accesses: 
? Change Permissions 
? Take Ownership",TBD,TBD
S,Y,ED.20.1.2.7,Logging ,"%SystemRoot%\System32\Config 
",Privilege Monitoring Logging,"Enable Auditing on the OSR object, with the following specifications:

Name: Everyone
Apply onto: This folder only
Access: Select ""Success"" for each of these accesses: 
? Change Permissions 
? Take Ownership",TBD,TBD
S,Y,ED.20.1.2.8,Logging ,"%SystemRoot%\System32\Drivers 
",Privilege Monitoring Logging,"Enable Auditing on the OSR object, with the following specifications:

Name: Everyone
Apply onto: This folder only
Access: Select ""Success"" for each of these accesses: 
? Change Permissions 
? Take Ownership",TBD,TBD
S,Y,ED.20.1.2.9,Logging ,"%SystemRoot%\System32\Spool 
",Privilege Monitoring Logging,"Enable Auditing on the OSR object, with the following specifications:

Name: Everyone
Apply onto: This folder only
Access: Select ""Success"" for each of these accesses: 
? Change Permissions 
? Take Ownership",TBD,TBD
S,Y,ED.20.1.2.10,Logging ,"%SystemRoot%\system32\GroupPolicy 
",Privilege Monitoring Logging,"Enable Auditing on the OSR object, with the following specifications:

Name: Everyone
Apply onto: This folder only
Access: Select ""Success"" for each of these accesses: 
? Change Permissions 
? Take Ownership",TBD,TBD
S,Y,ED.20.1.2.11,Logging ,%SystemRoot%\system32\dllcache ,Privilege Monitoring Logging,"Enable Auditing on the OSR object, with the following specifications:

Name: Everyone
Apply onto: This folder only
Access: Select ""Success"" for each of these accesses: 
? Change Permissions 
? Take Ownership",TBD,TBD
S,Y,ED.20.1.2.12,Logging ,%WinDir%\WinSxS\Backup,Privilege Monitoring Logging,"Enable Auditing on the OSR object, with the following specifications:

Name: Everyone
Apply onto: This folder only
Access: Select ""Success"" for each of these accesses: 
? Change Permissions 
? Take Ownership",TBD,TBD
S,Y,ED.20.1.2.13,Logging ,%SystemDrive%\Boot.Ini ,Privilege Monitoring Logging,"Enable Auditing on the OSR object, with the following specifications: 

Name: Everyone 
Apply onto: This object only
Access: Select ""Success"" for each of these accesses: 
? Change Permissions 
? Take Ownership",TBD,TBD
S,Y,ED.20.1.2.14,Logging ,%SystemDrive%\NTDetect.Com ,Privilege Monitoring Logging,"Enable Auditing on the OSR object, with the following specifications: 

Name: Everyone 
Apply onto: This object only
Access: Select ""Success"" for each of these accesses: 
? Change Permissions 
? Take Ownership",TBD,TBD
S,Y,ED.20.1.2.15,Logging ,%SystemDrive%\NTLDR ,Privilege Monitoring Logging,"Enable Auditing on the OSR object, with the following specifications: 

Name: Everyone 
Apply onto: This object only
Access: Select ""Success"" for each of these accesses: 
? Change Permissions 
? Take Ownership",TBD,TBD
S,Y,ED.20.1.2.16,Logging ,%SystemDrive%,Privilege Monitoring Logging,"Enable Auditing on the OSR object, with the following specifications: 

Name: Everyone 
Apply onto: This object only
Access: Select ""Success"" for each of these accesses: 
? Change Permissions 
? Take Ownership",TBD,TBD
S,Y,ED.20.1.2.17,Logging ,%SystemRoot%\syswow64,Privilege Monitoring Logging,"Enable Auditing on the OSR object, with the following specifications: 

Name: Everyone 
Apply onto: This object only
Access: Select ""Success"" for each of these accesses: 
? Change Permissions 
? Take Ownership",TBD,TBD
S,Y,ED.20.1.2.18,Logging ,%SystemRoot%\syswow64\drivers,Privilege Monitoring Logging,"Enable Auditing on the OSR object, with the following specifications: 

Name: Everyone 
Apply onto: This object only
Access: Select ""Success"" for each of these accesses: 
? Change Permissions 
? Take Ownership",TBD,TBD
S,Y,ED.20.1.2.19,Logging ,%SystemRoot%\system32\config\SecEvent.Evt,Privilege Monitoring Logging,"Enable Auditing on the OSR object, with the following specifications: 

Name: Everyone 
Apply onto: This object only
Access: Select ""Success"" for each of these accesses: 
? Change Permissions 
? Take Ownership",TBD,TBD
S,Y,ED.20.1.2.20,Logging ,%SystemRoot%\system32\config\DnsEvent.Evt,Privilege Monitoring Logging,"Enable Auditing on the OSR object, with the following specifications: 

Name: Everyone 
Apply onto: This object only
Access: Select ""Success"" for each of these accesses: 
? Change Permissions 
? Take Ownership",TBD,TBD
S,Y,ED.20.1.2.21,Logging ,%SystemDrive%\boot\BCD,Privilege Monitoring Logging,"""Enable Auditing on the OSR object, with the following specifications: 

Name: Everyone 
Apply onto: This object only
Access: Select """"Success"""" for each of these accesses: 
? Change Permissions 
? Take Ownership
OSRs - Note: On servers where this file does not exist it must be located on the system reserve partition (SRP) in the location \boot\BCD.  OSR file permissions and OSR auditing are not required if the file is on the SRP. If the system is based on UEFI then ignore this control.
""
",TBD,TBD
S,Y,ED.20.1.2.22,Logging ,"%SystemDrive%\bootmgr
or 
\EFI\Microsoft\Boot\bootmgfw.efi",Privilege Monitoring Logging,"Enable Auditing on the OSR object, with the following specifications: 

Name: Everyone 
Apply onto: This object only
Access: Select ""Success"" for each of these accesses: 
? Change Permissions 
? Take Ownership
Note: On servers where this file does not exist it must be located on the system reserve partition (SRP) in the location \bootmgr.  OSR file permissions and OSR auditing are not required if the file is on the SRP.
",TBD,TBD
S,Y,ED.20.1.2.23,Logging ,"%SystemRoot%\system32\winload.exe
or 
%SystemRoot%\system32\winload.efi",Privilege Monitoring Logging,"Enable Auditing on the OSR object, with the following specifications: 

Name: Everyone 
Apply onto: This object only
Access: Select ""Success"" for each of these accesses: 
? Change Permissions 
? Take Ownership
Note: On servers where this file does not exist it must be located on the system reserve partition (SRP) in the location \bootmgr.  OSR file permissions and OSR auditing are not required if the file is on the SRP.",TBD,TBD
S,Y,ED.20.1.2.24,Logging ,HKLM\SYSTEM\CurrentControlSet\Services\EventLog\Security,Privilege Monitoring Logging,"For the registry key, apply the following audit settings:
Who: Everyone
Apply to: This Key 
Access:  ""Success"" for each of these accesses:
? Set Value 
? Create Subkey 
? CreateLink 
? Delete 
? Write DAC 
? Write Owner ",TBD,TBD
S,Y,ED.20.1.2.25,Logging ,HKEY_LOCAL_MACHINE\Software\Microsoft\Windows\CurrentVersion\policies\system\EnableLUA  ,Privilege Monitoring Logging,"0
(default its 1)",TBD,TBD
,,,,,,,,
"To be deleted, if not using GDPR / FFIEC",,,,,,,,
This section details additional requirements for GDPR / FFIEC only,,,,,,,,
S,Y,ED.30.0.1,Password Requirements,OS Automatic Logoff ,"Automatically log off users from IBM-managed client systems that process PI, after a defined period of inactivity. ","For systems containing PI, set systems to terminate a session after 30 minutes of inactivity. ",TBD,TBD
P,Y,ED.30.0.2,Logging,Logging in external system,System and event logs from IBM-managed client systems that process PI must be copied to a system outside the control of the system administrator or operator whose activities are being logged. ,Using an Industry Standard Backup Solution with Apppriate Backup Interval and automatically store the backup in a Cloud or Secure Location outside the Client Network,No value to be set,No value to be set
,,,,,,,,
This section details Business Use Notice requirement for Internal / Shared servers only (ITSS),,,,,,,,
"To be deleted, if this TechSpec is not applicable for internal / Shared Environment (non-commercial)",,,,,,,,
B,N,ED.40.0.1,Business Use Notice,Business Use Notice Caption,Per ITSS 3.2 Acceptable Use,"Must display the 'Business Use Notice' Caption

Text to be displayed
GSNI Business Use Notice",GSNI Business Use Notice,GSNI Business Use Notice
B,N,ED.40.0.2,Business Use Notice,Business Use Notice  Text,Per ITSS 3.2 Acceptable Use,"Must display the 'Business Use Notice' Text

Text to be displayed
""This system should be used for conducting IBM's business or for purposes authorized by IBM management. It is mandatory to comply with all the requirements listed in the applicable security policy and only process or store the data classes approved for this asset type. Use is subject to audit at any time by IBM management.""",This system should be used for conducting IBM's business or for purposes authorized by IBM management. It is mandatory to comply with all the requirements listed in the applicable security policy and only process or store the data classes approved for this asset type. Use is subject to audit at any time by IBM management.,This system should be used for conducting IBM's business or for purposes authorized by IBM management. It is mandatory to comply with all the requirements listed in the applicable security policy and only process or store the data classes approved for this asset type. Use is subject to audit at any time by IBM management.
